{"cameraMode":{"drawMode":0,"name":"Shaded","section":"Shading Mode"},"sceneLighting":false,"audioPlay":false,"sceneViewState":{"m_AlwaysRefresh":false,"showFog":true,"showSkybox":false,"showFlares":true,"showImageEffects":true,"showParticleSystems":true,"showVisualEffectGraphs":true,"m_FxEnabled":true},"in2DMode":false,"pivot":{"x":-5.2455291748046879,"y":0.8284950256347656,"z":6.955680847167969},"rotation":{"x":0.011298603378236294,"y":0.9563646912574768,"z":-0.2895627021789551,"w":0.03731720149517059},"size":1.7196154594421387,"orthographic":false}